repository,token_band,raw_tokens,stripped_tokens,reduction_pct
palomar__2026-08-24-000006,> 250k,1001770,871337,13.020254150154232
palomar__2026-08-29-000003,≤ 10k,3380,3087,8.668639053254434
palomar__2026-08-29-000001,10k–50k,73984,38359,48.15230320069204
palomar__2026-08-21-000004,50k–250k,143155,109250,23.68411861269254
palomar__2026-08-13-000001,50k–250k,199380,195549,1.9214565151971064
palomar__2026-08-17-000003,10k–50k,18980,17422,8.208640674394097
palomar__2026-08-19-000002,> 250k,411782,276328,32.894589855797484
palomar__2026-08-21-000010,≤ 10k,5800,4325,25.43103448275862
palomar__2026-08-29-000010,10k–50k,31982,27382,14.38309048839973
palomar__2026-09-02-000012,> 250k,1214204,1133524,6.644682442159633
palomar__2026-08-31-000018,50k–250k,223483,136200,39.055767105327924
palomar__2026-08-24-000005,≤ 10k,25191,9879,60.78361319518876
palomar__2026-08-20-000004,≤ 10k,2223,2223,0.0
palomar__2026-08-27-000011,> 250k,1450787,1156814,20.26300208093952
palomar__2026-09-01-000003,10k–50k,24238,21560,11.04876639986797
palomar__2026-08-30-000001,50k–250k,68120,62358,8.458602466236053
palomar__2026-08-21-000002,≤ 10k,3616,3616,0.0
palomar__2026-09-01-000006,10k–50k,52243,49534,5.185383687766787
palomar__2026-08-28-000001,> 250k,315553,284395,9.874094050761684
palomar__2026-09-05-000001,50k–250k,374608,218064,41.788749839832576
palomar__2026-08-27-000020,≤ 10k,3440,3143,8.633720930232558
palomar__2026-09-05-000003,> 250k,406284,392907,3.292524441031397
palomar__2026-08-30-000002,50k–250k,118179,107012,9.449225327680889
palomar__2026-09-02-000008,10k–50k,14511,13575,6.450279098614842
palomar__2026-08-23-000003,> 250k,270574,254374,5.987271504283487
palomar__2026-09-01-000010,≤ 10k,5053,4987,1.3061547595487832
palomar__2026-08-24-000002,50k–250k,60059,54247,9.677150801711655
palomar__2026-08-24-000003,10k–50k,40904,29556,27.743008018775672
palomar__2026-08-29-000011,> 250k,920353,806407,12.380684367845818
palomar__2026-08-29-000014,10k–50k,53056,42299,20.27480398069964
palomar__2026-09-02-000014,≤ 10k,11827,9561,19.15955018178743
palomar__2026-09-01-000004,50k–250k,62034,58818,5.184253796305249
palomar__2026-08-17-000002,≤ 10k,5081,5055,0.5117102932493567
palomar__2026-08-29-000017,50k–250k,233366,171682,26.432299478073073
palomar__2026-09-03-000005,10k–50k,53493,38231,28.53083581029293
palomar__2026-08-19-000003,> 250k,1876515,1695971,9.62123937192082
palomar__2026-09-03-000007,≤ 10k,9327,7600,18.51613594939423
palomar__2026-08-23-000001,10k–50k,23234,22363,3.7488163897736126
palomar__2026-08-29-000006,> 250k,677879,608059,10.299773263370016
palomar__2026-08-31-000008,50k–250k,68788,63159,8.183113333720993
palomar__2026-08-27-000015,≤ 10k,4584,4584,0.0
palomar__2026-08-22-000006,50k–250k,283033,196207,30.676988195722764
palomar__2026-09-03-000004,10k–50k,14384,13274,7.716907675194662
palomar__2026-09-02-000001,> 250k,1333459,940033,29.504169232049883
palomar__2026-08-29-000002,> 250k,850098,777458,8.544897176560816
palomar__2026-08-20-000009,50k–250k,208467,139657,33.007622309526205
palomar__2026-08-31-000014,≤ 10k,9797,9680,1.194243135653772
palomar__2026-08-22-000003,10k–50k,232609,19613,91.56825402284521
palomar__2026-08-28-000002,≤ 10k,14118,7978,43.490579402181616
palomar__2026-09-02-000003,10k–50k,50577,48960,3.1971054036419755
palomar__2026-09-01-000009,50k–250k,180025,89598,50.23024579919455
palomar__2026-08-22-000010,> 250k,1366959,630665,53.863649165775996
palomar__2026-08-31-000005,> 250k,515850,398630,22.72365997867597
palomar__2026-09-01-000007,10k–50k,15891,13993,11.943867598011447
palomar__2026-09-02-000004,50k–250k,169402,148811,12.15511032927592
palomar__2026-08-29-000015,≤ 10k,7760,7360,5.154639175257736
palomar__2026-08-26-000006,10k–50k,35365,34647,2.0302559027286837
palomar__2026-09-03-000002,> 250k,680798,575008,15.539117329956909
palomar__2026-09-02-000011,50k–250k,235144,207788,11.63372231483687
palomar__2026-09-01-000008,≤ 10k,4129,4093,0.871881811576658
palomar__2026-09-02-000006,> 250k,556233,414598,25.463250112812442
palomar__2026-08-20-000008,10k–50k,29216,28432,2.683461117196062
palomar__2026-09-04-000005,50k–250k,68326,67980,0.5063958083306508
palomar__2026-09-01-000011,≤ 10k,11219,7980,28.870665834744624
