model,repository,baseline_tokens,scored_tokens_saved,dead_code,syntax_optimization,automation,proof_simplification,structural_diff,deleted,added,automation_simplification,automation_structural
opus,palomar__2026-08-24-000006,871337,579746,29280,8494,2203,48033,30004,472407,-9292,1483,720
opus,palomar__2026-08-29-000003,3087,1680,33,326,103,2,-17,1339,-27,17,86
opus,palomar__2026-08-29-000001,38359,35278,23241,257,-1,0,86,9891,-2513,0,-1
opus,palomar__2026-08-21-000004,109250,62302,28,6023,2481,3424,24176,33004,-5994,668,1813
opus,palomar__2026-08-13-000001,195549,132275,215,13843,1241,2703,7321,122705,-16407,935,306
opus,palomar__2026-08-17-000003,17422,10960,366,2453,127,44,414,13860,-6525,87,40
opus,palomar__2026-08-19-000002,276328,66926,21016,23660,4021,6513,11532,6211,-422,1888,2133
opus,palomar__2026-08-21-000010,4325,2594,29,1333,26,358,237,809,-112,26,0
opus,palomar__2026-08-29-000010,27382,18204,2135,4030,140,99,1159,15512,-4955,0,140
opus,palomar__2026-09-02-000012,1133524,520804,28,529633,9228,-6509,-3737,1009,-8,8032,1196
opus,palomar__2026-08-31-000018,136200,43477,4746,6352,513,2363,4574,5961,0,291,222
opus,palomar__2026-08-24-000005,9879,6097,1138,548,225,212,766,3670,-616,53,172
opus,palomar__2026-08-20-000004,2223,1380,48,310,0,311,70,781,-39,0,0
opus,palomar__2026-08-27-000011,1156814,83796,26897,18711,27173,12673,3977,1967,0,19707,7466
opus,palomar__2026-09-01-000003,21560,18087,0,3166,0,0,-685,18525,-3180,0,0
opus,palomar__2026-08-30-000001,62358,21390,2218,6167,1472,5664,2297,5480,-1178,1064,408
opus,palomar__2026-08-21-000002,3616,802,55,48,34,11,-315,980,0,34,0
opus,palomar__2026-09-01-000006,49534,23529,198,949,0,0,-2585,40786,-14554,0,0
opus,palomar__2026-08-28-000001,284395,38626,761,8988,1897,11310,6975,39738,-26090,1117,780
opus,palomar__2026-09-05-000001,218064,60210,29283,4980,13032,9124,7588,1037,0,8284,4748
opus,palomar__2026-08-27-000020,3143,2930,3129,0,0,0,0,0,-152,0,0
opus,palomar__2026-09-05-000003,392907,134945,197,2263,20045,10371,104319,15772,-17559,12774,7271
opus,palomar__2026-08-30-000002,107012,30651,0,26692,426,5025,64,0,0,426,0
opus,palomar__2026-09-02-000008,13575,10800,0,1212,6,129,-512,12140,-2112,6,0
opus,palomar__2026-08-23-000003,254374,20208,2633,5464,4578,14025,1993,127,0,4041,537
opus,palomar__2026-09-01-000010,4987,3313,2,11,0,200,-168,3760,-283,0,0
opus,palomar__2026-08-24-000002,54247,41943,71,3319,117,108,19402,19932,-923,97,20
opus,palomar__2026-08-24-000003,29556,17588,3899,1164,-1,1190,4089,8294,-676,0,-1
opus,palomar__2026-08-29-000011,806407,18567,0,9262,1787,8781,3564,49,0,1506,281
opus,palomar__2026-08-29-000014,42299,17778,226,3810,4077,4886,4081,1328,-285,2476,1601
opus,palomar__2026-09-02-000014,9561,7167,24,660,0,0,-222,7576,-1133,0,0
opus,palomar__2026-09-01-000004,58818,30781,79,5819,451,11,7082,35143,-17979,0,451
opus,palomar__2026-08-17-000002,5055,3021,0,546,0,0,4,4475,-1962,0,0
opus,palomar__2026-08-29-000017,171682,24396,1557,8329,7700,4899,3700,1268,-79,5535,2165
opus,palomar__2026-09-03-000005,38231,21788,2075,4184,818,2371,4468,13110,-4872,381,437
opus,palomar__2026-08-19-000003,1695971,108724,57521,-50,42222,1933,220,6585,0,37341,4881
opus,palomar__2026-09-03-000007,7600,5415,39,254,3,36,889,4578,-312,2,1
opus,palomar__2026-08-23-000001,22363,16812,42,716,66,229,-40,20002,-4054,20,46
opus,palomar__2026-08-29-000006,608059,93248,6492,37995,3364,34325,15845,748,-100,2676,688
opus,palomar__2026-08-31-000008,63159,33215,591,37988,372,1832,-11941,29859,-23932,125,247
opus,palomar__2026-08-27-000015,4584,2461,0,0,0,548,127,2246,-278,0,0
opus,palomar__2026-08-22-000006,196207,52875,19849,8963,8266,3342,2080,12306,0,4482,3784
opus,palomar__2026-09-03-000004,13274,9116,0,98,0,0,-742,11026,-1332,0,0
opus,palomar__2026-09-02-000001,940033,95697,30277,0,32579,23429,8791,129,0,28715,3864
opus,palomar__2026-08-29-000002,777458,357798,527,17573,4571,5056,234117,130127,-28797,459,4112
opus,palomar__2026-08-20-000009,139657,30205,605,19663,4036,3871,582,2571,-36,2984,1052
opus,palomar__2026-08-31-000014,9680,7239,0,1183,0,0,31,9026,-3040,0,0
opus,palomar__2026-08-22-000003,19613,14290,3833,89,0,0,-140,13878,-3500,0,0
opus,palomar__2026-08-28-000002,7978,7256,1100,0,0,0,0,6447,-487,0,0
opus,palomar__2026-09-02-000003,48960,31535,0,2841,1371,499,8476,23231,-4233,695,676
opus,palomar__2026-09-01-000009,89598,40812,13687,11905,1318,11185,2643,608,-214,1095,223
opus,palomar__2026-08-22-000010,630665,128673,75665,0,4540,12167,14265,19779,0,3522,1018
opus,palomar__2026-08-31-000005,398630,39137,26961,0,4514,244,167,4997,0,3344,1170
opus,palomar__2026-09-01-000007,13993,10162,169,56,57,353,578,9953,-973,57,0
opus,palomar__2026-09-02-000004,148811,14198,0,7887,0,5322,992,25,-24,0,0
opus,palomar__2026-08-29-000015,7360,5455,777,277,0,4,-87,6069,-1767,0,0
opus,palomar__2026-08-26-000006,34647,20303,123,1417,1410,500,1902,17966,-2633,773,637
opus,palomar__2026-09-03-000002,575008,64608,37572,35,13978,1665,8322,2716,0,10374,3604
opus,palomar__2026-09-02-000011,207788,68168,4868,12035,456,8107,14601,39243,-11160,418,38
opus,palomar__2026-09-01-000008,4093,2951,0,0,0,0,-479,3846,-428,0,0
opus,palomar__2026-09-02-000006,414598,59294,5444,14680,12012,28384,1076,896,0,11549,463
opus,palomar__2026-08-20-000008,28432,13428,0,1735,865,1286,7359,5086,-2666,111,754
opus,palomar__2026-09-04-000005,67980,26564,0,6777,6366,3148,-164,18370,-7785,4588,1778
opus,palomar__2026-09-01-000011,7980,7528,201,0,0,17,321,6723,0,0,0
sol,palomar__2026-08-24-000006,871337,581076,28294,73021,1173,-5665,29887,460219,-7289,947,226
sol,palomar__2026-08-29-000003,3087,1520,31,157,13,-4,-136,1547,-64,0,13
sol,palomar__2026-08-29-000001,38359,30536,23295,128,255,57,-1104,4242,-155,171,84
sol,palomar__2026-08-21-000004,109250,42774,0,394,581,2383,14536,30032,-5708,376,205
sol,palomar__2026-08-13-000001,195549,123908,388,3304,1256,893,17067,102737,-1857,1180,76
sol,palomar__2026-08-17-000003,17422,5432,366,2,261,153,-3549,8189,0,272,-11
sol,palomar__2026-08-19-000002,276328,52646,28016,2737,751,651,9273,13529,-2184,199,552
sol,palomar__2026-08-21-000010,4325,888,29,1,24,0,55,770,0,24,0
sol,palomar__2026-08-29-000010,27382,8707,2135,67,207,601,-2064,7756,-73,207,0
sol,palomar__2026-09-02-000012,1133524,34727,2209,18551,55,5597,5603,6832,-3828,11,44
sol,palomar__2026-08-31-000018,136200,47803,4746,218,1104,1148,2652,19374,-2574,535,569
sol,palomar__2026-08-24-000005,9879,4551,1138,50,297,67,648,2440,-233,281,16
sol,palomar__2026-08-20-000004,2223,1372,48,139,0,378,67,825,0,0,0
sol,palomar__2026-08-27-000011,1156814,69414,53634,0,0,2,1241,16582,-1166,0,0
sol,palomar__2026-09-01-000003,21560,16119,0,1274,30,1,-1276,17954,-2157,0,30
sol,palomar__2026-08-30-000001,62358,31617,2471,152,30,506,-11190,45538,-5878,39,-9
sol,palomar__2026-08-21-000002,3616,671,55,17,34,0,-407,972,0,0,34
sol,palomar__2026-09-01-000006,49534,16589,158,981,443,32,977,16847,-2997,318,125
sol,palomar__2026-08-28-000001,284395,40176,2351,574,1773,939,-5053,56408,-16714,449,1324
sol,palomar__2026-09-05-000001,218064,46730,30587,219,2066,2264,10581,3592,-2719,1622,444
sol,palomar__2026-08-27-000020,3143,2967,3129,0,0,0,0,0,-117,0,0
sol,palomar__2026-09-05-000003,392907,58331,197,860,14489,5803,36018,7345,-6377,3051,11438
sol,palomar__2026-08-30-000002,107012,12077,922,802,2106,4196,6470,354,-2751,710,1396
sol,palomar__2026-09-02-000008,13575,7938,0,-230,119,1408,-202,7065,-234,19,100
sol,palomar__2026-08-23-000003,254374,10206,2777,134,977,2350,5017,770,-1818,684,293
sol,palomar__2026-09-01-000010,4987,3088,0,0,6,22,-611,3714,0,6,0
sol,palomar__2026-08-24-000002,54247,39933,71,2302,707,238,17958,21441,-2916,269,438
sol,palomar__2026-08-24-000003,29556,20888,3899,449,101,410,-2770,18880,-267,2,99
sol,palomar__2026-08-29-000011,806407,37416,16212,0,0,-29,-9,21927,0,0,0
sol,palomar__2026-08-29-000014,42299,19421,226,168,899,1366,-6731,24673,-1325,578,321
sol,palomar__2026-09-02-000014,9561,7124,24,460,3,-5,-781,7478,-315,-11,14
sol,palomar__2026-09-01-000004,58818,22713,79,2205,468,234,-10044,35496,-5817,75,393
sol,palomar__2026-08-17-000002,5055,2525,0,1,247,154,-6,2263,-134,247,0
sol,palomar__2026-08-29-000017,171682,37781,1376,1725,481,1462,-18158,52749,-1948,65,416
sol,palomar__2026-09-03-000005,38231,13638,2075,1012,135,197,-6483,18352,-1687,77,58
sol,palomar__2026-08-19-000003,1695971,80918,72603,8,0,-13,-1,1415,-840,0,0
sol,palomar__2026-09-03-000007,7600,2301,39,31,82,-20,-1570,3838,-123,81,1
sol,palomar__2026-08-23-000001,22363,0,0,0,0,0,0,0,0,0,0
sol,palomar__2026-08-29-000006,608059,22555,185,340,2978,2930,15633,4715,-4227,1326,1652
sol,palomar__2026-08-31-000008,63159,17403,329,929,0,239,-13341,32430,-3318,0,0
sol,palomar__2026-08-27-000015,4584,1225,0,22,311,95,604,190,0,55,256
sol,palomar__2026-08-22-000006,196207,40000,11787,378,1123,1975,15599,10479,-3034,248,875
sol,palomar__2026-09-03-000004,13274,5437,0,324,0,0,-3480,11026,-2476,0,0
sol,palomar__2026-09-02-000001,940033,8206,0,2406,0,-1,4027,4789,-3043,0,0
sol,palomar__2026-08-29-000002,777458,231237,793,4553,2778,0,209619,70181,-54921,0,2778
sol,palomar__2026-08-20-000009,139657,26756,614,61,67,76,-40975,67660,-1318,62,5
sol,palomar__2026-08-31-000014,9680,4615,0,487,177,125,1018,3903,-1244,75,102
sol,palomar__2026-08-22-000003,19613,10609,3833,24,393,42,-427,7929,-1467,322,71
sol,palomar__2026-08-28-000002,7978,7360,1100,0,0,0,-381,6447,0,0,0
sol,palomar__2026-09-02-000003,48960,11920,0,654,1070,-86,8447,5626,-3791,1070,0
sol,palomar__2026-09-01-000009,89598,52403,14085,-398,1063,460,387,40915,-4766,42,1021
sol,palomar__2026-08-22-000010,630665,124766,86765,0,0,19,320,34126,0,0,0
sol,palomar__2026-08-31-000005,398630,69555,44921,0,296,194,-6650,30139,-211,0,296
sol,palomar__2026-09-01-000007,13993,13362,169,12,0,318,133,12858,0,0,0
sol,palomar__2026-09-02-000004,148811,29619,0,918,1052,1696,-1865,31478,-3723,504,548
sol,palomar__2026-08-29-000015,7360,4557,777,258,0,4,-399,6069,-2417,0,0
sol,palomar__2026-08-26-000006,34647,14468,123,78,301,349,-4591,21401,-3203,262,39
sol,palomar__2026-09-03-000002,575008,69860,38164,0,925,0,7635,20960,-200,0,925
sol,palomar__2026-09-02-000011,207788,44476,4239,16370,89,138,-11339,51284,-16283,81,8
sol,palomar__2026-09-01-000008,4093,2235,0,-20,-16,4,-1584,3846,0,-16,0
sol,palomar__2026-09-02-000006,414598,49693,5950,1724,1177,1452,-1393,50800,-10156,676,501
sol,palomar__2026-08-20-000008,28432,10457,0,856,2586,578,-1725,8217,-61,198,2388
sol,palomar__2026-09-04-000005,67980,18997,0,20,299,1419,-18941,36548,-1359,40,259
sol,palomar__2026-09-01-000011,7980,7090,194,0,0,2,-82,6723,0,0,0
gemini,palomar__2026-08-24-000006,871337,349764,0,2257,197,404,-90154,437028,-61,197,0
gemini,palomar__2026-08-29-000003,3087,820,31,0,0,4,22,846,-83,0,0
gemini,palomar__2026-08-29-000001,38359,30269,23222,249,56,723,576,1674,0,69,-13
gemini,palomar__2026-08-21-000004,109250,31563,0,5491,3532,6459,8713,9718,-2815,1291,2241
gemini,palomar__2026-08-13-000001,195549,68052,0,-7138,1932,72079,97,946,0,1932,0
gemini,palomar__2026-08-17-000003,17422,1912,122,64,373,1010,155,188,0,359,14
gemini,palomar__2026-08-19-000002,276328,37856,21616,1029,471,3227,7033,5533,-1252,100,371
gemini,palomar__2026-08-21-000010,4325,925,29,0,24,2,73,809,0,24,0
gemini,palomar__2026-08-29-000010,27382,6614,1885,401,1021,1732,538,1024,-54,912,109
gemini,palomar__2026-09-02-000012,1133524,31123,0,2610,8322,10228,9373,4091,-3495,7973,349
gemini,palomar__2026-08-31-000018,136200,8992,4746,33,0,40,32,3236,0,0,0
gemini,palomar__2026-08-24-000005,9879,3790,1138,166,797,437,512,715,-94,797,0
gemini,palomar__2026-08-20-000004,2223,821,0,0,0,0,-5,825,0,0,0
gemini,palomar__2026-08-27-000011,1156814,52485,47492,0,0,0,-102,6040,0,0,0
gemini,palomar__2026-09-01-000003,21560,10321,0,166,814,595,698,8360,-529,784,30
gemini,palomar__2026-08-30-000001,62358,9431,2054,412,596,2476,-458,4420,-64,479,117
gemini,palomar__2026-08-21-000002,3616,314,55,37,44,68,121,65,-76,44,0
gemini,palomar__2026-09-01-000006,49534,15851,198,-14,0,0,-4108,40786,-21033,0,0
gemini,palomar__2026-08-28-000001,284395,40837,850,1619,2494,5486,12394,31743,-13547,1610,884
gemini,palomar__2026-09-05-000001,218064,31899,30497,0,0,0,2,1117,0,0,0
gemini,palomar__2026-08-27-000020,3143,363,0,26,0,425,0,0,0,0,0
gemini,palomar__2026-09-05-000003,392907,80547,0,3579,12400,19366,57964,765,-13515,7945,4455
gemini,palomar__2026-08-30-000002,107012,10658,940,575,1466,4065,4299,308,-1013,1428,38
gemini,palomar__2026-09-02-000008,13575,6261,0,42,1454,1274,1671,2124,-304,1184,270
gemini,palomar__2026-08-23-000003,254374,0,0,0,0,0,0,0,0,0,0
gemini,palomar__2026-09-01-000010,4987,2551,0,6,0,5,-277,3721,-874,0,0
gemini,palomar__2026-08-24-000002,54247,13934,0,33,33,202,724,12962,-121,33,0
gemini,palomar__2026-08-24-000003,29556,14004,3782,112,0,689,-131,9435,-97,0,0
gemini,palomar__2026-08-29-000011,806407,8230,2225,607,239,1906,3264,978,-1004,239,0
gemini,palomar__2026-08-29-000014,42299,9435,226,205,2353,4837,867,1023,-84,2092,261
gemini,palomar__2026-09-02-000014,9561,2447,24,98,2,50,-22,2346,-74,2,0
gemini,palomar__2026-09-01-000004,58818,18025,34,892,2110,7151,4613,5544,-2293,1608,502
gemini,palomar__2026-08-17-000002,5055,1249,0,19,151,527,367,225,-44,151,0
gemini,palomar__2026-08-29-000017,171682,26706,499,1861,3191,11532,9486,617,-506,2099,1092
gemini,palomar__2026-09-03-000005,38231,11202,2005,832,738,4215,1656,1833,-117,475,263
gemini,palomar__2026-08-19-000003,1695971,76266,71053,0,0,-36,0,523,0,0,0
gemini,palomar__2026-09-03-000007,7600,1393,0,24,517,112,392,521,-177,339,178
gemini,palomar__2026-08-23-000001,22363,5329,42,410,490,2838,1133,416,0,385,105
gemini,palomar__2026-08-29-000006,608059,12199,4674,86,2880,3746,766,25,0,2638,242
gemini,palomar__2026-08-31-000008,63159,13467,429,1638,499,7961,2163,1258,-78,357,142
gemini,palomar__2026-08-27-000015,4584,1111,0,53,120,18,600,320,0,0,120
gemini,palomar__2026-08-22-000006,196207,37048,19608,57,278,396,8335,5736,-167,73,205
gemini,palomar__2026-09-03-000004,13274,4814,0,340,0,0,-2742,11026,-3867,0,0
gemini,palomar__2026-09-02-000001,940033,41976,21696,868,2031,9676,4656,2834,-1616,1848,183
gemini,palomar__2026-08-29-000002,777458,123871,334,100,4872,2235,122550,12728,-17024,4814,58
gemini,palomar__2026-08-20-000009,139657,5826,605,141,426,1533,1382,1561,0,185,241
gemini,palomar__2026-08-31-000014,9680,2142,0,96,835,413,380,409,0,794,41
gemini,palomar__2026-08-22-000003,19613,7500,3833,132,974,596,806,1167,-270,839,135
gemini,palomar__2026-08-28-000002,7978,5803,1100,106,0,391,804,3420,-165,0,0
gemini,palomar__2026-09-02-000003,48960,14164,0,674,971,2825,8585,3550,-2441,769,202
gemini,palomar__2026-09-01-000009,89598,34951,13820,476,1749,6957,9303,2282,0,757,992
gemini,palomar__2026-08-22-000010,630665,0,0,0,0,0,0,0,0,0,0
gemini,palomar__2026-08-31-000005,398630,31827,22139,224,1272,3328,2084,1938,0,1139,133
gemini,palomar__2026-09-01-000007,13993,3493,163,91,384,1182,932,859,-104,327,57
gemini,palomar__2026-09-02-000004,148811,10712,0,735,1962,3336,5410,710,-1441,1423,539
gemini,palomar__2026-08-29-000015,7360,1963,777,132,191,250,413,55,-74,117,74
gemini,palomar__2026-08-26-000006,34647,2519,34,428,329,1088,628,0,0,314,15
gemini,palomar__2026-09-03-000002,575008,66881,36116,0,0,0,7165,21237,0,0,0
gemini,palomar__2026-09-02-000011,207788,0,0,0,0,0,0,0,0,0,0
gemini,palomar__2026-09-01-000008,4093,853,0,0,0,0,-633,3846,-2368,0,0
gemini,palomar__2026-09-02-000006,414598,6674,5122,6,56,316,407,710,0,31,25
gemini,palomar__2026-08-20-000008,28432,3497,0,320,450,2462,315,0,-54,432,18
gemini,palomar__2026-09-04-000005,67980,4613,0,878,649,2717,268,56,0,634,15
gemini,palomar__2026-09-01-000011,7980,2041,180,-48,77,18,-201,2721,-786,4,73
muse,palomar__2026-08-24-000006,871337,343231,0,747891,0,0,-404660,0,0,0,0
muse,palomar__2026-08-29-000003,3087,1158,31,0,61,85,-247,1290,-69,15,46
muse,palomar__2026-08-29-000001,38359,29242,23295,122,452,256,625,721,-159,366,86
muse,palomar__2026-08-21-000004,109250,41375,0,3643,1058,3612,10294,25365,-3137,633,425
muse,palomar__2026-08-13-000001,195549,67382,193,31826,52208,-21237,4302,0,0,52208,0
muse,palomar__2026-08-17-000003,17422,3977,347,1618,452,343,564,3116,-2260,350,102
muse,palomar__2026-08-19-000002,276328,7902,12,5530,763,1483,380,612,0,244,519
muse,palomar__2026-08-21-000010,4325,622,0,2,114,32,-107,575,0,122,-8
muse,palomar__2026-08-29-000010,27382,7780,2092,969,116,1377,1653,1840,-256,49,67
muse,palomar__2026-09-02-000012,1133524,5265,830,1842,0,0,736,1315,0,0,0
muse,palomar__2026-08-31-000018,136200,0,0,0,0,0,0,0,0,0,0
muse,palomar__2026-08-24-000005,9879,4008,1138,171,375,395,543,1377,-155,354,21
muse,palomar__2026-08-20-000004,2223,733,48,114,127,216,146,130,0,127,0
muse,palomar__2026-08-27-000011,1156814,63650,35135,19795,94,7506,1262,4512,0,71,23
muse,palomar__2026-09-01-000003,21560,10514,0,297,50,-4,-882,11445,-639,50,0
muse,palomar__2026-08-30-000001,62358,7777,306,2125,543,3400,1996,0,-285,419,124
muse,palomar__2026-08-21-000002,3616,257,0,13,14,29,-671,872,0,14,0
muse,palomar__2026-09-01-000006,49534,3376,90,1462,143,-399,1807,840,-599,143,0
muse,palomar__2026-08-28-000001,284395,5502,0,2441,186,1324,463,26366,-25160,174,12
muse,palomar__2026-09-05-000001,218064,17585,9144,1769,1636,3253,1901,63,-181,1078,558
muse,palomar__2026-08-27-000020,3143,985,0,10,0,650,320,0,0,0,0
muse,palomar__2026-09-05-000003,392907,3877,0,720,1224,1933,0,0,0,1224,0
muse,palomar__2026-08-30-000002,107012,4966,876,2292,0,1273,2018,177,-1179,0,0
muse,palomar__2026-09-02-000008,13575,2771,0,91,340,1387,980,75,-102,54,286
muse,palomar__2026-08-23-000003,254374,5308,2650,697,88,881,-338,1620,0,88,0
muse,palomar__2026-09-01-000010,4987,1851,0,101,0,93,188,2225,-597,0,0
muse,palomar__2026-08-24-000002,54247,28172,0,485,988,12720,1075,12962,-161,899,89
muse,palomar__2026-08-24-000003,29556,9759,3899,1588,74,2255,1493,431,-129,46,28
muse,palomar__2026-08-29-000011,806407,24760,63,13723,28,8371,1986,1750,0,28,0
muse,palomar__2026-08-29-000014,42299,2061,181,278,283,798,99,125,0,283,0
muse,palomar__2026-09-02-000014,9561,2784,12,13,39,127,348,2282,-45,35,4
muse,palomar__2026-09-01-000004,58818,9419,79,6525,606,521,1415,34855,-34566,373,233
muse,palomar__2026-08-17-000002,5055,1917,0,352,445,164,416,808,-233,425,20
muse,palomar__2026-08-29-000017,171682,14497,1221,5648,196,2278,4335,1731,-673,98,98
muse,palomar__2026-09-03-000005,38231,3960,1961,185,60,121,252,1473,-128,60,0
muse,palomar__2026-08-19-000003,1695971,24177,20594,484,107,729,39,0,0,107,0
muse,palomar__2026-09-03-000007,7600,902,39,56,96,11,-320,996,0,96,0
muse,palomar__2026-08-23-000001,22363,2581,42,12425,0,23,-92,21250,-31071,0,0
muse,palomar__2026-08-29-000006,608059,48021,5154,35607,26,8387,1185,7946,-9191,22,4
muse,palomar__2026-08-31-000008,63159,6279,0,2163,0,4694,0,86,0,0,0
muse,palomar__2026-08-27-000015,4584,508,0,-40,120,110,79,239,0,76,44
muse,palomar__2026-08-22-000006,196207,13966,26,1615,2526,820,2088,6517,0,2291,235
muse,palomar__2026-09-03-000004,13274,4608,0,295,132,1397,-448,3196,0,70,62
muse,palomar__2026-09-02-000001,940033,30172,151,26897,15,2079,-800,72635,-71372,15,0
muse,palomar__2026-08-29-000002,777458,17778,0,16847,0,670,169,2692,0,0,0
muse,palomar__2026-08-20-000009,139657,5324,9,3177,0,92,19,1551,-18,0,0
muse,palomar__2026-08-31-000014,9680,1347,0,-43,148,151,637,409,-155,148,0
muse,palomar__2026-08-22-000003,19613,9229,3833,31253,0,315,-312,13878,-39916,0,0
muse,palomar__2026-08-28-000002,7978,4029,1100,93,124,372,295,1925,0,11,113
muse,palomar__2026-09-02-000003,48960,5775,0,46,0,7,9535,1444,-5261,0,0
muse,palomar__2026-09-01-000009,89598,15389,11006,662,428,1582,1203,272,0,387,41
muse,palomar__2026-08-22-000010,630665,0,0,0,0,0,0,0,0,0,0
muse,palomar__2026-08-31-000005,398630,30144,20827,606,0,-124,1104,6589,-1590,0,0
muse,palomar__2026-09-01-000007,13993,2224,163,350,637,839,196,53,0,584,53
muse,palomar__2026-09-02-000004,148811,7463,0,5310,109,1626,260,38,0,100,9
muse,palomar__2026-08-29-000015,7360,1423,777,147,59,138,60,99,-95,47,12
muse,palomar__2026-08-26-000006,34647,2195,51,634,458,404,502,324,-191,418,40
muse,palomar__2026-09-03-000002,575008,17455,17103,0,0,21,56,0,0,0,0
muse,palomar__2026-09-02-000011,207788,12881,2290,3806,485,-228,389,8274,-2101,117,368
muse,palomar__2026-09-01-000008,4093,471,0,49,0,0,12,3846,-3444,0,0
muse,palomar__2026-09-02-000006,414598,6813,0,3609,220,536,35,2533,-1181,220,0
muse,palomar__2026-08-20-000008,28432,5004,0,840,447,1479,-577,2815,0,74,373
muse,palomar__2026-09-04-000005,67980,7144,0,610,1400,1245,1722,14370,-13115,855,545
muse,palomar__2026-09-01-000011,7980,1309,180,433,180,402,-474,473,0,126,54
luna,palomar__2026-08-24-000006,871337,74380,0,23870,0,0,2792,79537,-31811,0,0
luna,palomar__2026-08-29-000003,3087,749,31,10,56,14,-23,1210,-534,28,28
luna,palomar__2026-08-29-000001,38359,27532,23215,0,0,0,514,687,-486,0,0
luna,palomar__2026-08-21-000004,109250,7540,0,2073,43,620,2648,3303,-1681,38,5
luna,palomar__2026-08-13-000001,195549,53852,0,14,49178,-1386,2178,3955,-83,47058,2120
luna,palomar__2026-08-17-000003,17422,1183,347,0,146,122,523,220,-175,138,8
luna,palomar__2026-08-19-000002,276328,1853,115,79,0,260,1588,0,-190,0,0
luna,palomar__2026-08-21-000010,4325,522,29,0,181,58,-51,315,0,181,0
luna,palomar__2026-08-29-000010,27382,0,0,0,0,0,0,0,0,0,0
luna,palomar__2026-09-02-000012,1133524,5639,0,813,3076,693,115,942,0,3036,40
luna,palomar__2026-08-31-000018,136200,17664,4336,80,0,122,-146,4902,-936,0,0
luna,palomar__2026-08-24-000005,9879,3965,1138,165,286,243,1190,1195,-423,247,39
luna,palomar__2026-08-20-000004,2223,326,0,59,12,156,26,70,0,12,0
luna,palomar__2026-08-27-000011,1156814,22249,20524,0,-18,-213,-276,1769,0,-18,0
luna,palomar__2026-09-01-000003,21560,2060,0,-43,299,151,202,1537,-94,169,130
luna,palomar__2026-08-30-000001,62358,3718,2311,9,138,139,939,369,-187,135,3
luna,palomar__2026-08-21-000002,3616,737,55,379,4,62,46,191,0,4,0
luna,palomar__2026-09-01-000006,49534,3042,158,860,534,-397,1687,840,-680,258,276
luna,palomar__2026-08-28-000001,284395,14421,0,1657,0,0,-27,28313,-15475,0,0
luna,palomar__2026-09-05-000001,218064,2498,0,155,26,118,3401,770,-1972,26,0
luna,palomar__2026-08-27-000020,3143,1543,0,316,0,1099,421,0,-17,0,0
luna,palomar__2026-09-05-000003,392907,5874,0,-287,1860,0,5572,186,-1457,0,1860
luna,palomar__2026-08-30-000002,107012,1874,1018,6,0,81,1817,234,-1260,0,0
luna,palomar__2026-09-02-000008,13575,3454,0,34,802,842,908,1139,-271,710,92
luna,palomar__2026-08-23-000003,254374,2382,1161,56,454,409,-28,321,0,454,0
luna,palomar__2026-09-01-000010,4987,964,0,20,6,7,-207,1138,0,2,4
luna,palomar__2026-08-24-000002,54247,11368,0,643,452,10002,300,259,-288,452,0
luna,palomar__2026-08-24-000003,29556,7994,3899,112,357,981,-217,3041,-234,213,144
luna,palomar__2026-08-29-000011,806407,5442,4227,0,41,18,200,1295,-171,-4,45
luna,palomar__2026-08-29-000014,42299,7799,226,92,346,1089,-1650,7713,-78,293,53
luna,palomar__2026-09-02-000014,9561,2137,24,8,28,190,-54,2022,-81,28,0
luna,palomar__2026-09-01-000004,58818,4678,79,837,433,267,-83,6215,-3064,309,124
luna,palomar__2026-08-17-000002,5055,691,0,4,74,158,319,247,-111,74,0
luna,palomar__2026-08-29-000017,171682,3155,1510,11,0,237,672,1268,-546,0,0
luna,palomar__2026-09-03-000005,38231,4602,2063,95,24,274,783,1605,-299,24,0
luna,palomar__2026-08-19-000003,1695971,33185,30692,0,0,0,0,0,0,0,0
luna,palomar__2026-09-03-000007,7600,1201,39,12,16,21,-1463,2570,0,16,0
luna,palomar__2026-08-23-000001,22363,2596,42,215,293,703,1859,239,-779,211,82
luna,palomar__2026-08-29-000006,608059,1902,185,1,0,1083,699,0,-66,0,0
luna,palomar__2026-08-31-000008,63159,3109,154,28,123,2561,532,0,-267,123,0
luna,palomar__2026-08-27-000015,4584,825,0,105,77,0,115,528,0,0,77
luna,palomar__2026-08-22-000006,196207,11462,10432,27,14,0,216,467,-81,6,8
luna,palomar__2026-09-03-000004,13274,2793,0,33,181,163,-1650,4244,-185,118,63
luna,palomar__2026-09-02-000001,940033,2075,164,640,22,94,0,996,0,22,0
luna,palomar__2026-08-29-000002,777458,20489,226,68,174,0,21721,4561,-4855,0,174
luna,palomar__2026-08-20-000009,139657,2881,433,0,122,85,488,1783,-212,36,86
luna,palomar__2026-08-31-000014,9680,1935,0,98,472,294,90,1001,-173,182,290
luna,palomar__2026-08-22-000003,19613,5121,3833,90,225,198,672,94,-257,149,76
luna,palomar__2026-08-28-000002,7978,3889,1100,32,0,377,750,1494,0,0,0
luna,palomar__2026-09-02-000003,48960,8877,0,235,0,217,8006,8342,-7923,0,0
luna,palomar__2026-09-01-000009,89598,13151,11143,10,15,276,1272,275,-160,15,0
luna,palomar__2026-08-22-000010,630665,8765,2425,102,0,0,4858,3701,-2351,0,0
luna,palomar__2026-08-31-000005,398630,4984,12,0,45,65,54,3262,0,45,0
luna,palomar__2026-09-01-000007,13993,2549,163,300,266,304,573,1107,-133,250,16
luna,palomar__2026-09-02-000004,148811,6603,0,4385,46,1570,854,25,-266,46,0
luna,palomar__2026-08-29-000015,7360,1823,777,44,126,283,248,123,0,64,62
luna,palomar__2026-08-26-000006,34647,2478,0,134,408,2266,1330,0,0,76,332
luna,palomar__2026-09-03-000002,575008,919,0,0,66,511,680,0,-338,66,0
luna,palomar__2026-09-02-000011,207788,6956,0,2087,920,-52,1839,4329,-2152,811,109
luna,palomar__2026-09-01-000008,4093,1273,0,67,158,247,-59,916,-56,106,52
luna,palomar__2026-09-02-000006,414598,2406,1578,407,0,240,0,151,0,0,0
luna,palomar__2026-08-20-000008,28432,2562,0,185,143,1731,115,568,-184,118,25
luna,palomar__2026-09-04-000005,67980,2008,0,0,439,1545,216,0,-181,439,0
luna,palomar__2026-09-01-000011,7980,1660,173,2,262,9,125,1073,0,0,262
