repository,all_layers_edges,edges,ilean_edges,ilean_only_edges,kernel_edges,kernel_only_edges,nodes,source_text_edges,source_text_only_edges
palomar__2026-08-24-000006,29217,59483,34896,1003,54278,20301,9572,35615,2090
palomar__2026-08-29-000003,388,1419,471,0,1021,407,143,1011,316
palomar__2026-08-29-000001,1510,3552,1749,8,3238,1581,832,1866,172
palomar__2026-08-21-000004,2876,3667,2993,17,3440,447,1046,3142,171
palomar__2026-08-13-000001,2476,2849,2603,0,2762,223,814,2563,23
palomar__2026-08-17-000003,848,2045,995,16,1706,647,313,1299,275
palomar__2026-08-19-000002,20085,42249,23147,185,36866,14957,4639,26213,3215
palomar__2026-08-21-000010,156,1423,203,0,565,123,139,1300,811
palomar__2026-08-29-000010,1143,1448,1217,3,1396,231,295,1192,0
palomar__2026-09-02-000012,27237,64434,32109,1120,44409,10380,8618,51499,16588
palomar__2026-08-31-000018,6342,11083,6764,9,9823,3144,1563,7697,1071
palomar__2026-08-24-000005,1073,2209,1289,3,1809,647,229,1530,213
palomar__2026-08-20-000004,87,146,90,0,118,21,36,125,25
palomar__2026-08-27-000011,69231,144538,79757,1362,124897,41637,13135,96144,14510
palomar__2026-09-01-000003,679,1019,707,7,907,208,226,792,96
palomar__2026-08-30-000001,2052,3976,2291,36,3421,1203,564,2692,361
palomar__2026-08-21-000002,153,222,157,0,220,65,58,155,0
palomar__2026-09-01-000006,1158,1354,1229,0,1249,89,376,1263,36
palomar__2026-08-28-000001,13264,27951,15663,339,23641,7371,2915,18856,3296
palomar__2026-09-05-000001,12090,20726,13949,131,17765,3861,3055,15521,2315
palomar__2026-08-27-000020,101,110,101,0,110,9,54,101,0
palomar__2026-09-05-000003,9756,11363,9860,2,11305,1502,1379,9813,0
palomar__2026-08-30-000002,3252,4443,3348,1,4172,829,1101,3599,189
palomar__2026-09-02-000008,287,371,325,2,366,46,135,290,0
palomar__2026-08-23-000003,11662,20216,12816,98,18010,5423,2733,14317,1430
palomar__2026-09-01-000010,261,529,286,5,392,87,85,431,118
palomar__2026-08-24-000002,874,1533,1151,2,1248,294,343,1174,71
palomar__2026-08-24-000003,1431,2990,1663,21,2694,1047,471,1784,202
palomar__2026-08-29-000011,45331,121618,63542,1412,106300,44233,9723,62740,10340
palomar__2026-08-29-000014,1856,2226,1875,0,2219,350,471,1863,1
palomar__2026-09-02-000014,608,783,613,3,780,170,214,608,0
palomar__2026-09-01-000004,1439,1968,1521,0,1723,191,457,1740,200
palomar__2026-08-17-000002,308,357,316,0,351,41,83,314,0
palomar__2026-08-29-000017,4430,6278,4637,0,6242,1639,992,4468,0
palomar__2026-09-03-000005,1108,1407,1159,0,1385,247,419,1130,1
palomar__2026-08-19-000003,57848,109815,67045,562,97154,34500,12107,71353,6864
palomar__2026-09-03-000007,268,836,312,5,523,106,145,693,301
palomar__2026-08-23-000001,302,344,310,0,339,34,112,307,0
palomar__2026-08-29-000006,39196,57961,40771,46,55759,15083,9078,41927,1532
palomar__2026-08-31-000008,2261,7028,3248,168,5684,2562,795,3756,899
palomar__2026-08-27-000015,277,1465,401,11,893,358,164,1084,460
palomar__2026-08-22-000006,8203,18798,9378,77,16437,7070,2487,10966,1871
palomar__2026-09-03-000004,205,244,207,0,242,37,109,207,0
palomar__2026-09-02-000001,39808,63717,42726,129,59952,18309,9517,44065,2061
palomar__2026-08-29-000002,22529,46438,34952,429,42206,6971,2499,27437,3410
palomar__2026-08-20-000009,3334,5462,3620,14,4292,640,957,4669,1023
palomar__2026-08-31-000014,221,340,233,0,293,60,77,276,39
palomar__2026-08-22-000003,5932,7338,6216,69,6891,764,2230,6409,259
palomar__2026-08-28-000002,239,271,247,0,262,23,120,248,1
palomar__2026-09-02-000003,610,634,612,0,631,19,214,613,3
palomar__2026-09-01-000009,6659,11048,7140,16,9978,3002,1418,7966,653
palomar__2026-08-22-000010,53037,125182,59746,319,112884,55080,8923,66620,8752
palomar__2026-08-31-000005,26431,53106,31071,468,45729,15234,6406,35071,5070
palomar__2026-09-01-000007,632,1349,780,12,1036,135,222,1110,257
palomar__2026-09-02-000004,3244,4623,3429,4,4212,712,905,3790,343
palomar__2026-08-29-000015,362,741,411,16,592,197,135,528,100
palomar__2026-08-26-000006,844,1125,860,0,1052,195,259,930,57
palomar__2026-09-03-000002,22076,47423,24746,181,42354,18219,5794,27643,3779
palomar__2026-09-02-000011,7912,13011,8609,26,11358,2620,1911,10075,1246
palomar__2026-09-01-000008,66,66,66,0,66,0,39,66,0
palomar__2026-09-02-000006,16202,23625,17300,26,22481,5359,3736,17569,717
palomar__2026-08-20-000008,620,781,692,0,761,87,179,640,2
palomar__2026-09-04-000005,1076,1221,1122,0,1199,99,400,1098,0
palomar__2026-09-01-000011,301,602,322,0,571,263,155,339,10
