arm,repository,baseline_tokens,scored_tokens_saved,dead_code,syntax_optimization,automation,proof_simplification,structural_diff,deleted,added,automation_simplification,automation_structural
canonical,palomar__2026-08-22-000003,19613,14290,3833,89,0,0,-140,13878,-3500,0,0
canonical,palomar__2026-08-24-000002,54247,41943,71,3319,117,108,19402,19932,-923,97,20
canonical,palomar__2026-08-27-000011,1156814,83796,26897,18711,27173,12673,3977,1967,0,19707,7466
canonical,palomar__2026-08-29-000003,3087,1680,33,326,103,2,-17,1339,-27,17,86
compress-proofs,palomar__2026-08-22-000003,19613,17100,3833,123,0,296,43,13878,-1274,0,0
compress-proofs,palomar__2026-08-24-000002,54247,26104,0,6842,925,1368,15257,4071,-2227,421,504
compress-proofs,palomar__2026-08-27-000011,1156814,167887,48470,54142,33786,19556,15195,172071,-172981,21690,12096
compress-proofs,palomar__2026-08-29-000003,3087,1877,33,297,59,17,54,1518,-48,0,59
reduce-size-without-anticheat,palomar__2026-08-22-000003,19613,16193,3833,160,0,208,-87,13878,-1980,0,0
reduce-size-without-anticheat,palomar__2026-08-24-000002,54247,41973,71,2556,695,14526,346,25117,-1378,97,598
reduce-size-without-anticheat,palomar__2026-08-27-000011,1156814,95723,51352,16904,4212,20851,7789,3427,0,2649,1563
reduce-size-without-anticheat,palomar__2026-08-29-000003,3087,1757,31,205,98,12,-32,1547,-10,0,98
