repository,palomar_id,primary_arxiv,family
palomar__2026-08-24-000006,PALOMAR-2026-08-24-000006,math.OA,Analysis & dynamics
palomar__2026-08-29-000003,PALOMAR-2026-08-29-000003,cs.DS,Computer science
palomar__2026-08-29-000001,PALOMAR-2026-08-29-000001,math.RA,Algebra & number theory
palomar__2026-08-21-000004,PALOMAR-2026-08-21-000004,math.NT,Algebra & number theory
palomar__2026-08-13-000001,PALOMAR-2026-08-13-000001,math.CV,Analysis & dynamics
palomar__2026-08-17-000003,PALOMAR-2026-08-17-000003,math.CO,Combinatorics & discrete math
palomar__2026-08-19-000002,PALOMAR-2026-08-19-000002,math.LO,Logic & foundations
palomar__2026-08-21-000010,PALOMAR-2026-08-21-000010,cs.GR,Computer science
palomar__2026-08-29-000010,PALOMAR-2026-08-29-000010,math.CV,Analysis & dynamics
palomar__2026-09-02-000012,PALOMAR-2026-09-02-000012,math.CO,Combinatorics & discrete math
palomar__2026-08-31-000018,PALOMAR-2026-08-31-000018,math.PR,Probability & statistics
palomar__2026-08-24-000005,PALOMAR-2026-08-24-000005,cs.LO,Computer science
palomar__2026-08-20-000004,PALOMAR-2026-08-20-000004,math.PR,Probability & statistics
palomar__2026-08-27-000011,PALOMAR-2026-08-27-000011,cs.FL,Computer science
palomar__2026-09-01-000003,PALOMAR-2026-09-01-000003,quant-ph,Physics
palomar__2026-08-30-000001,PALOMAR-2026-08-30-000001,math.CV,Analysis & dynamics
palomar__2026-08-21-000002,PALOMAR-2026-08-21-000002,math.CO,Combinatorics & discrete math
palomar__2026-09-01-000006,PALOMAR-2026-09-01-000006,math.CO,Combinatorics & discrete math
palomar__2026-08-28-000001,PALOMAR-2026-08-28-000001,math.OC,Applied & computational math
palomar__2026-09-05-000001,PALOMAR-2026-09-05-000001,math.CO,Combinatorics & discrete math
palomar__2026-08-27-000020,PALOMAR-2026-08-27-000020,gr-qc,Physics
palomar__2026-09-05-000003,PALOMAR-2026-09-05-000003,cs.IT,Computer science
palomar__2026-08-30-000002,PALOMAR-2026-08-30-000002,math.PR,Probability & statistics
palomar__2026-09-02-000008,PALOMAR-2026-09-02-000008,math.CO,Combinatorics & discrete math
palomar__2026-08-23-000003,PALOMAR-2026-08-23-000003,math.CO,Combinatorics & discrete math
palomar__2026-09-01-000010,PALOMAR-2026-09-01-000010,cs.LO,Computer science
palomar__2026-08-24-000002,PALOMAR-2026-08-24-000002,math.NT,Algebra & number theory
palomar__2026-08-24-000003,PALOMAR-2026-08-24-000003,math.LO,Logic & foundations
palomar__2026-08-29-000011,PALOMAR-2026-08-29-000011,math.GT,Geometry & topology
palomar__2026-08-29-000014,PALOMAR-2026-08-29-000014,math.CO,Combinatorics & discrete math
palomar__2026-09-02-000014,PALOMAR-2026-09-02-000014,math.NT,Algebra & number theory
palomar__2026-09-01-000004,PALOMAR-2026-09-01-000004,math.FA,Analysis & dynamics
palomar__2026-08-17-000002,PALOMAR-2026-08-17-000002,math.CO,Combinatorics & discrete math
palomar__2026-08-29-000017,PALOMAR-2026-08-29-000017,math.CO,Combinatorics & discrete math
palomar__2026-09-03-000005,PALOMAR-2026-09-03-000005,math.GR,Algebra & number theory
palomar__2026-08-19-000003,PALOMAR-2026-08-19-000003,math.CO,Combinatorics & discrete math
palomar__2026-09-03-000007,PALOMAR-2026-09-03-000007,math.CO,Combinatorics & discrete math
palomar__2026-08-23-000001,PALOMAR-2026-08-23-000001,math.MG,Geometry & topology
palomar__2026-08-29-000006,PALOMAR-2026-08-29-000006,cs.DS,Computer science
palomar__2026-08-31-000008,PALOMAR-2026-08-31-000008,math.FA,Analysis & dynamics
palomar__2026-08-27-000015,PALOMAR-2026-08-27-000015,math.LO,Logic & foundations
palomar__2026-08-22-000006,PALOMAR-2026-08-22-000006,math.OA,Analysis & dynamics
palomar__2026-09-03-000004,PALOMAR-2026-09-03-000004,math.CA,Analysis & dynamics
palomar__2026-09-02-000001,PALOMAR-2026-09-02-000001,math.NT,Algebra & number theory
palomar__2026-08-29-000002,PALOMAR-2026-08-29-000002,math.AG,Geometry & topology
palomar__2026-08-20-000009,PALOMAR-2026-08-20-000009,math.NA,Applied & computational math
palomar__2026-08-31-000014,PALOMAR-2026-08-31-000014,quant-ph,Physics
palomar__2026-08-22-000003,PALOMAR-2026-08-22-000003,math.NT,Algebra & number theory
palomar__2026-08-28-000002,PALOMAR-2026-08-28-000002,math.AC,Algebra & number theory
palomar__2026-09-02-000003,PALOMAR-2026-09-02-000003,math.NT,Algebra & number theory
palomar__2026-09-01-000009,PALOMAR-2026-09-01-000009,math.GR,Algebra & number theory
palomar__2026-08-22-000010,PALOMAR-2026-08-22-000010,math.AG,Geometry & topology
palomar__2026-08-31-000005,PALOMAR-2026-08-31-000005,math.MG,Geometry & topology
palomar__2026-09-01-000007,PALOMAR-2026-09-01-000007,cs.LO,Computer science
palomar__2026-09-02-000004,PALOMAR-2026-09-02-000004,math.DG,Geometry & topology
palomar__2026-08-29-000015,PALOMAR-2026-08-29-000015,math.RA,Algebra & number theory
palomar__2026-08-26-000006,PALOMAR-2026-08-26-000006,cs.IT,Computer science
palomar__2026-09-03-000002,PALOMAR-2026-09-03-000002,math.LO,Logic & foundations
palomar__2026-09-02-000011,PALOMAR-2026-09-02-000011,math.CA,Analysis & dynamics
palomar__2026-09-01-000008,PALOMAR-2026-09-01-000008,math.NT,Algebra & number theory
palomar__2026-09-02-000006,PALOMAR-2026-09-02-000006,math.CO,Combinatorics & discrete math
palomar__2026-08-20-000008,PALOMAR-2026-08-20-000008,math.NT,Algebra & number theory
palomar__2026-09-04-000005,PALOMAR-2026-09-04-000005,math.CO,Combinatorics & discrete math
palomar__2026-09-01-000011,PALOMAR-2026-09-01-000011,cs.DM,Computer science
